[
  {
    "src": "images/spritesheets/Dog_SS_1.png",
    "name": "dog",
    "ssWidth": 2720,
    "ssHeight": 1119,
    "rows": 4,
    "columns": 8,
    "cellWidth": 340,
    "cellHeight": 280,
    "animations": [
      {
        "name": "right dig",
        "numberOfFrames": 3,
        "startRow": 1,
        "startColumn": 1,
        "speed": 80
      },
      {
        "name": "left dig",
        "numberOfFrames": 3,
        "startRow": 1,
        "startColumn": 4,
        "speed": 80
      },
      {
        "name": "right sit",
        "numberOfFrames": 5,
        "startRow": 1,
        "startColumn": 7,
        "speed": 80
      },
      {
        "name": "left sit",
        "numberOfFrames": 5,
        "startRow": 2,
        "startColumn": 4,
        "speed": 80
      },
      {
        "name": "right run start",
        "numberOfFrames": 4,
        "startRow": 3,
        "startColumn": 1,
        "speed": 80
      },
      {
        "name": "right run",
        "numberOfFrames": 4,
        "startRow": 3,
        "startColumn": 5,
        "speed": 80
      },
      {
        "name": "left run start",
        "numberOfFrames": 4,
        "startRow": 4,
        "startColumn": 5,
        "speed": 80
      },
      {
        "name": "left run",
        "numberOfFrames": 4,
        "startRow": 4,
        "startColumn": 1,
        "speed": 80
      }
    ]
  },
  {
    "src": "images/spritesheets/Dog_SS_2.png",
    "name": "dog",
    "ssWidth": 2720,
    "ssHeight": 1122,
    "rows": 4,
    "columns": 8,
    "cellWidth": 340,
    "cellHeight": 280,
    "animations": [
      {
        "name": "right sad",
        "numberOfFrames": 11,
        "startRow": 1,
        "startColumn": 1,
        "speed": 80
      },
      {
        "name": "left sad",
        "numberOfFrames": 11,
        "startRow": 2,
        "startColumn": 4,
        "speed": 80
      },
      {
        "name": "turn left",
        "numberOfFrames": 9,
        "startRow":  3,
        "startColumn": 7,
        "speed": 80
      }
      
    ]
  },
  {
    "src": "images/spritesheets/Dog_SS_3.png",
    "name": "dog",
    "ssWidth": 2720,
    "ssHeight": 1119,
    "rows": 4,
    "columns": 8,
    "cellWidth": 340,
    "cellHeight": 280,
    "animations": [
      {
        "name": "turn right",
        "numberOfFrames": 9,
        "startRow": 1,
        "startColumn":  8,
        "speed": 80
      },
      {
        "name": "left flip",
        "numberOfFrames": 11,
        "startRow": 2,
        "startColumn": 1,
        "speed": 80
      },
      {
        "name": "right flip",
        "numberOfFrames": 11,
        "startRow": 3,
        "startColumn": 4,
        "speed": 80
      }
    ]
  },
  {
    "src": "images/spritesheets/Lock_Animation.png",
    "name": "lock",
    "ssWidth": 1589,
    "ssHeight": 194,
    "rows": 1,
    "columns": 7,
    "cellWidth": 227,
    "cellHeight": 194,
    "animations": [
      {
        "name": "open_lock",
        "numberOfFrames": 7,
        "startRow": 1,
        "startColumn":  1,
        "speed": 80
      }
    ]
  },
  {
    "src": "images/spritesheets/Particle_Effects_SS.png",
    "name": "particles",
    "ssWidth": 360,
    "ssHeight": 288,
    "rows": 4,
    "columns": 5,
    "cellWidth": 72,
    "cellHeight": 72,
    "animations": [
      {
        "name": "sparkle_full_basket",
        "numberOfFrames": 5,
        "startRow": 1,
        "startColumn": 1,
        "speed": 80
      },
      {
        "name": "sparkle_empty_basket",
        "numberOfFrames": 5,
        "startRow": 2,
        "startColumn": 1,
        "speed": 80
      },
      {
        "name": "dirt_right",
        "numberOfFrames": 5,
        "startRow": 3,
        "startColumn": 1,
        "speed": 80
      },
      {
        "name": "dirt_left",
        "numberOfFrames": 5,
        "startRow": 4,
        "startColumn": 1,
        "speed": 80
      }
    ]
  },
  {
    "src": "images/backgrounds/MainMenu/DogShowButton.png",
    "name": "dogShowButton",
    "ssWidth": 532,
    "ssHeight": 166,
    "rows": 1,
    "columns": 1,
    "cellWidth": 532,
    "cellHeight": 166,
    "animations":[
      {
        "name": "dogShowButton",
        "numberOfFrames": 1,
        "startRow": 1,
        "startColumn": 1,
        "speed": 80
      }
    ]
  },
  {
    "src": "images/props/dogHouse.png",
    "name": "dogShowButton",
    "ssWidth": 512,
    "ssHeight": 512,
    "rows": 1,
    "columns": 1,
    "cellWidth": 512,
    "cellHeight": 512,
    "animations":[
      {
        "name": "dogHouse",
        "numberOfFrames": 1,
        "startRow": 1,
        "startColumn": 1,
        "speed": 80
      }
    ]
  },
  {
    "src": "images/props/bowl.png",
    "name": "dogShowButton",
    "ssWidth": 150,
    "ssHeight": 50,
    "rows": 1,
    "columns": 1,
    "cellWidth": 150,
    "cellHeight": 50,
    "animations":[
      {
        "name": "bowl",
        "numberOfFrames": 1,
        "startRow": 1,
        "startColumn": 1,
        "speed": 80
      }
    ]
  },
  {
    "src": "images/backgrounds/MainMenu/PetShopButton.png",
    "name": "petshopButton",
    "ssWidth": 532,
    "ssHeight": 166,
    "rows": 1,
    "columns": 1,
    "cellWidth": 532,
    "cellHeight": 166,
    "animations":[
      {
        "name": "petshopButton",
        "numberOfFrames": 1,
        "startRow": 1,
        "startColumn": 1,
        "speed": 80
      }
    ]
  },
  {
    "src": "images/backgrounds/MainMenu/PlayButton.png",
    "name": "playButton",
    "ssWidth": 532,
    "ssHeight": 166,
    "rows": 1,
    "columns": 1,
    "cellWidth": 532,
    "cellHeight": 166,
    "animations":[
      {
        "name": "playButton",
        "numberOfFrames": 1,
        "startRow": 1,
        "startColumn": 1,
        "speed": 80
      }
    ]
  },
  {
    "src": "images/backgrounds/MainMenu/SettingsButton.png",
    "name": "settingsButton",
    "ssWidth": 532,
    "ssHeight": 166,
    "rows": 1,
    "columns": 1,
    "cellWidth": 532,
    "cellHeight": 166,
    "animations":[
      {
        "name": "settingsButton",
        "numberOfFrames": 1,
        "startRow": 1,
        "startColumn": 1,
        "speed": 80
      }
    ]
  },
  {
    "src": "images/backgrounds/MainMenu/TrainingButton.png",
    "name": "trainingButton",
    "ssWidth": 532,
    "ssHeight": 166,
    "rows": 1,
    "columns": 1,
    "cellWidth": 532,
    "cellHeight": 166,
    "animations":[
      {
        "name": "trainingButton",
        "numberOfFrames": 1,
        "startRow": 1,
        "startColumn": 1,
        "speed": 80
      }
    ]
  },
  {
    "src": "images/backgrounds/MissionMap/MissionMap.png",
    "name": "missionMap",
    "ssWidth": 1024,
    "ssHeight": 591,
    "rows": 1,
    "columns": 1,
    "cellWidth": 1024,
    "cellHeight": 591,
    "animations":[
      {
        "name": "missionMap",
        "numberOfFrames": 1,
        "startRow": 1,
        "startColumn": 1,
        "speed": 80
      }
    ]
  },
  {
    "src": "images/backgrounds/MissionMap/MissionMapHomeButton.png",
    "name": "missionMapHome",
    "ssWidth": 328,
    "ssHeight": 210,
    "rows": 1,
    "columns": 1,
    "cellWidth": 328,
    "cellHeight": 210,
    "animations":[
      {
        "name": "missionMapHome",
        "numberOfFrames": 1,
        "startRow": 1,
        "startColumn": 1,
        "speed": 80
      }
    ]
  },
  {
    "src": "images/backgrounds/MissionMap/MissionMapPetshopButton.png",
    "name": "missionMapPetshop",
    "ssWidth": 316,
    "ssHeight": 209,
    "rows": 1,
    "columns": 1,
    "cellWidth": 316,
    "cellHeight": 209,
    "animations":[
      {
        "name": "missionMapPetshop",
        "numberOfFrames": 1,
        "startRow": 1,
        "startColumn": 1,
        "speed": 80
      }
    ]
  },
  {
    "src": "images/backgrounds/MissionMap/MissionMapSettingsButton.png",
    "name": "missionMapSettings",
    "ssWidth": 327,
    "ssHeight": 215,
    "rows": 1,
    "columns": 1,
    "cellWidth": 327,
    "cellHeight": 215,
    "animations":[
      {
        "name": "missionMapSettings",
        "numberOfFrames": 1,
        "startRow": 1,
        "startColumn": 1,
        "speed": 80
      }
    ]
  },
  {
    "src": "images/props/Balls/Ball_Sheet.png",
    "name": "dog",
    "ssWidth": 704,
    "ssHeight": 64,
    "rows": 1,
    "columns": 11,
    "cellWidth": 64,
    "cellHeight": 64,
    "animations": [
      {
        "name": "0",
        "numberOfFrames": 1,
        "startRow": 1,
        "startColumn": 1,
        "speed": 80
      },
      {
        "name": "1",
        "numberOfFrames": 1,
        "startRow": 1,
        "startColumn": 2,
        "speed": 80
      },
      {
        "name": "2",
        "numberOfFrames": 1,
        "startRow": 1,
        "startColumn": 3,
        "speed": 80
      },
      {
        "name": "3",
        "numberOfFrames": 1,
        "startRow": 1,
        "startColumn": 4,
        "speed": 80
      },
      {
        "name": "4",
        "numberOfFrames": 1,
        "startRow": 1,
        "startColumn": 5,
        "speed": 80
      },
      {
        "name": "5",
        "numberOfFrames": 1,
        "startRow": 1,
        "startColumn": 6,
        "speed": 80
      },
      {
        "name": "6",
        "numberOfFrames": 1,
        "startRow": 1,
        "startColumn": 7,
        "speed": 80
      },
      {
        "name": "7",
        "numberOfFrames": 1,
        "startRow": 1,
        "startColumn": 8,
        "speed": 80
      },
      {
        "name": "8",
        "numberOfFrames": 1,
        "startRow": 1,
        "startColumn": 9,
        "speed": 80
      },
      {
        "name": "9",
        "numberOfFrames": 1,
        "startRow": 1,
        "startColumn": 10,
        "speed": 80
      },
      {
        "name": "10",
        "numberOfFrames": 1,
        "startRow": 1,
        "startColumn": 11,
        "speed": 80
      }
    ]
  }
]